	ai_properties.lua	AIOnly	1	boolean	Cost	1	number	Description		string	DisplayPriority	0	number	DisplayedName		string	DoNotGrant	1	boolean				Name	Tai_AllShipBuildSpeed	string	RequiredResearch		string	RequiredSubSystems		string				TargetName	Capital	string	TargetType	Family	identifier	Time	1	number	UpgradeName	BUILDSPEED	string	UpgradeType	Modifier	identifier	UpgradeValue	1.025	number
	ai_properties.lua	AIOnly	1	boolean	Cost	1	number	Description		string	DisplayPriority	0	number	DisplayedName		string	DoNotGrant	1	boolean				Name	Tai_AllShipBuildSpeedExpert	string	RequiredResearch		string	RequiredSubSystems		string				TargetName	Capital	string	TargetType	Family	identifier	Time	1	number	UpgradeName	BUILDSPEED	string	UpgradeType	Modifier	identifier	UpgradeValue	1.075	number
	ai_properties.lua	AIOnly	1	boolean	Cost	1	number	Description		string	DisplayPriority	0	number	DisplayedName		string	DoNotGrant	1	boolean				Name	Tai_AllShipBuildSpeedHard	string	RequiredResearch		string	RequiredSubSystems		string				TargetName	Capital	string	TargetType	Family	identifier	Time	1	number	UpgradeName	BUILDSPEED	string	UpgradeType	Modifier	identifier	UpgradeValue	1.05	number
	ai_properties.lua	AIOnly	1	boolean	Cost	1	number	Description		string	DisplayPriority	0	number	DisplayedName		string	DoNotGrant	1	boolean				Name	Tai_cpuplayers_aggressive	string	RequiredResearch		string	RequiredSubSystems		string				TargetName		string				Time	1	number									
	ai_properties.lua	AIOnly	1	boolean	Cost	1	number	Description		string	DisplayPriority	0	number	DisplayedName		string	DoNotGrant	1	boolean				Name	Tai_cpuplayers_defensive	string	RequiredResearch		string	RequiredSubSystems		string				TargetName		string				Time	1	number									
	ai_properties.lua	AIOnly	1	boolean	Cost	1	number	Description		string	DisplayPriority	0	number	DisplayedName		string	DoNotGrant	1	boolean				Name	Tai_cpuplayers_dynamic	string	RequiredResearch		string	RequiredSubSystems		string				TargetName		string				Time	1	number									
	ai_properties.lua	AIOnly	1	boolean	Cost	1	number	Description		string	DisplayPriority	0	number	DisplayedName		string	DoNotGrant	1	boolean				Name	Tai_cpuplayers_norushtime10	string	RequiredResearch		string	RequiredSubSystems		string				TargetName		string				Time	1	number									
	ai_properties.lua	AIOnly	1	boolean	Cost	1	number	Description		string	DisplayPriority	0	number	DisplayedName		string	DoNotGrant	1	boolean				Name	Tai_cpuplayers_norushtime15	string	RequiredResearch		string	RequiredSubSystems		string				TargetName		string				Time	1	number									
	ai_properties.lua	AIOnly	1	boolean	Cost	1	number	Description		string	DisplayPriority	0	number	DisplayedName		string	DoNotGrant	1	boolean				Name	Tai_cpuplayers_norushtime5	string	RequiredResearch		string	RequiredSubSystems		string				TargetName		string				Time	1	number									
res,hyp	ai_properties.lua	AIOnly	1	boolean	Cost	1	number	Description		string	DisplayPriority	0	number	DisplayedName		string	DoNotGrant	1	boolean				Name	Tai_ResourceCollectionRateExpert_res0_hyp0	string	RequiredResearch		string	RequiredSubSystems		string				TargetName	Tai_resourcecollector_res0_hyp0	string	TargetType	Ship	identifier	Time	1	number	UpgradeName	ResourceCollectionRate	string	UpgradeType	Modifier	identifier	UpgradeValue	1.09	number
res,hyp	ai_properties.lua	AIOnly	1	boolean	Cost	1	number	Description		string	DisplayPriority	0	number	DisplayedName		string	DoNotGrant	1	boolean				Name	Tai_ResourceCollectionRateExpert_res1_hyp0	string	RequiredResearch		string	RequiredSubSystems		string				TargetName	Tai_resourcecollector_res1_hyp0	string	TargetType	Ship	identifier	Time	1	number	UpgradeName	ResourceCollectionRate	string	UpgradeType	Modifier	identifier	UpgradeValue	1.09	number
res,hyp	ai_properties.lua	AIOnly	1	boolean	Cost	1	number	Description		string	DisplayPriority	0	number	DisplayedName		string	DoNotGrant	1	boolean				Name	Tai_ResourceCollectionRateExpert_res0_hyp1	string	RequiredResearch		string	RequiredSubSystems		string				TargetName	Tai_resourcecollector_res0_hyp1	string	TargetType	Ship	identifier	Time	1	number	UpgradeName	ResourceCollectionRate	string	UpgradeType	Modifier	identifier	UpgradeValue	1.09	number
res,hyp	ai_properties.lua	AIOnly	1	boolean	Cost	1	number	Description		string	DisplayPriority	0	number	DisplayedName		string	DoNotGrant	1	boolean				Name	Tai_ResourceCollectionRateExpert_res1_hyp1	string	RequiredResearch		string	RequiredSubSystems		string				TargetName	Tai_resourcecollector_res1_hyp1	string	TargetType	Ship	identifier	Time	1	number	UpgradeName	ResourceCollectionRate	string	UpgradeType	Modifier	identifier	UpgradeValue	1.09	number
res,hyp	ai_properties.lua	AIOnly	1	boolean	Cost	1	number	Description		string	DisplayPriority	0	number	DisplayedName		string	DoNotGrant	1	boolean				Name	Tai_ResourceCollectionRateHard_res0_hyp0	string	RequiredResearch		string	RequiredSubSystems		string				TargetName	Tai_resourcecollector_res0_hyp0	string	TargetType	Ship	identifier	Time	1	number	UpgradeName	ResourceCollectionRate	string	UpgradeType	Modifier	identifier	UpgradeValue	1.04	number
res,hyp	ai_properties.lua	AIOnly	1	boolean	Cost	1	number	Description		string	DisplayPriority	0	number	DisplayedName		string	DoNotGrant	1	boolean				Name	Tai_ResourceCollectionRateHard_res1_hyp0	string	RequiredResearch		string	RequiredSubSystems		string				TargetName	Tai_resourcecollector_res1_hyp0	string	TargetType	Ship	identifier	Time	1	number	UpgradeName	ResourceCollectionRate	string	UpgradeType	Modifier	identifier	UpgradeValue	1.04	number
res,hyp	ai_properties.lua	AIOnly	1	boolean	Cost	1	number	Description		string	DisplayPriority	0	number	DisplayedName		string	DoNotGrant	1	boolean				Name	Tai_ResourceCollectionRateHard_res0_hyp1	string	RequiredResearch		string	RequiredSubSystems		string				TargetName	Tai_resourcecollector_res0_hyp1	string	TargetType	Ship	identifier	Time	1	number	UpgradeName	ResourceCollectionRate	string	UpgradeType	Modifier	identifier	UpgradeValue	1.04	number
res,hyp	ai_properties.lua	AIOnly	1	boolean	Cost	1	number	Description		string	DisplayPriority	0	number	DisplayedName		string	DoNotGrant	1	boolean				Name	Tai_ResourceCollectionRateHard_res1_hyp1	string	RequiredResearch		string	RequiredSubSystems		string				TargetName	Tai_resourcecollector_res1_hyp1	string	TargetType	Ship	identifier	Time	1	number	UpgradeName	ResourceCollectionRate	string	UpgradeType	Modifier	identifier	UpgradeValue	1.04	number
	ai_properties.lua	AIOnly	1	boolean	Cost	1	number	Description		string	DisplayPriority	0	number	DisplayedName		string	DoNotGrant	1	boolean				Name	Tai_WeaponDamageUpgrade125	string	RequiredResearch		string	RequiredSubSystems		string							TargetType	AllShips	identifier	Time	1	number	UpgradeName	WeaponDamage	string	UpgradeType	Modifier	identifier	UpgradeValue	1.25	number
	ai_properties.lua	AIOnly	1	boolean	Cost	1	number	Description		string	DisplayPriority	0	number	DisplayedName		string	DoNotGrant	1	boolean				Name	Tai_WeaponDamageUpgrade150	string	RequiredResearch		string	RequiredSubSystems		string							TargetType	AllShips	identifier	Time	1	number	UpgradeName	WeaponDamage	string	UpgradeType	Modifier	identifier	UpgradeValue	1.5	number
	ai_properties.lua	AIOnly	1	boolean	Cost	1	number	Description		string	DisplayPriority	0	number	DisplayedName		string	DoNotGrant	1	boolean				Name	Tai_WeaponDamageUpgrade175	string	RequiredResearch		string	RequiredSubSystems		string							TargetType	AllShips	identifier	Time	1	number	UpgradeName	WeaponDamage	string	UpgradeType	Modifier	identifier	UpgradeValue	1.75	number
	ai_properties.lua	AIOnly	1	boolean	Cost	1	number	Description		string	DisplayPriority	0	number	DisplayedName		string	DoNotGrant	1	boolean				Name	Tai_WeaponDamageUpgrade200	string	RequiredResearch		string	RequiredSubSystems		string							TargetType	AllShips	identifier	Time	1	number	UpgradeName	WeaponDamage	string	UpgradeType	Modifier	identifier	UpgradeValue	2	number
hyp	corvette_tech.lua				Cost	700	number	Description	$11523	string	DisplayPriority	22	number	DisplayedName	$11522	string				Icon	Icon_Build	identifier	Name	Tai_CorvetteChassis_hyp0	string	RequiredResearch	Tai_CorvetteDrive_hyp0	string	RequiredSubSystems	Research	string	ShortDisplayedName	$11522	string	TargetName	Tai_SalvageCorvette_hyp0	string	TargetType	Ship	identifier	Time	60	number									
hyp	corvette_tech.lua				Cost	700	number	Description	$11523	string	DisplayPriority	22	number	DisplayedName	$11522	string				Icon	Icon_Build	identifier	Name	Tai_CorvetteChassis_hyp1	string	RequiredResearch	Tai_CorvetteDrive_hyp1	string	RequiredSubSystems	Research	string	ShortDisplayedName	$11522	string	TargetName	Tai_SalvageCorvette_hyp1	string	TargetType	Ship	identifier	Time	60	number									
hyp	corvette_tech.lua				Cost	1000	number	Description	$11517	string	DisplayPriority	21	number	DisplayedName	$11516	string				Icon	Icon_Build	identifier	Name	Tai_CorvetteDrive_hyp0	string	RequiredResearch		string	RequiredSubSystems	Research	string	ShortDisplayedName	$11516	string	TargetName	Tai_LightCorvette_hyp0	string	TargetType	Ship	identifier	Time	75	number									
hyp	corvette_tech.lua				Cost	1000	number	Description	$11517	string	DisplayPriority	21	number	DisplayedName	$11516	string				Icon	Icon_Build	identifier	Name	Tai_CorvetteDrive_hyp1	string	RequiredResearch		string	RequiredSubSystems	Research	string	ShortDisplayedName	$11516	string	TargetName	Tai_LightCorvette_hyp1	string	TargetType	Ship	identifier	Time	75	number									
hyp	corvette_tech.lua				Cost	500	number	Description	$11511	string	DisplayPriority	24	number	DisplayedName	$11510	string				Icon	Icon_Build	identifier	Name	Tai_FastTrackingTurrets_hyp0	string	RequiredResearch	Tai_CorvetteChassis_hyp0	string	RequiredSubSystems	Research	string	ShortDisplayedName	$11510	string	TargetName	Tai_MultiGunCorvette_hyp0	string	TargetType	Ship	identifier	Time	40	number									
hyp	corvette_tech.lua				Cost	500	number	Description	$11511	string	DisplayPriority	24	number	DisplayedName	$11510	string				Icon	Icon_Build	identifier	Name	Tai_FastTrackingTurrets_hyp1	string	RequiredResearch	Tai_CorvetteChassis_hyp1	string	RequiredSubSystems	Research	string	ShortDisplayedName	$11510	string	TargetName	Tai_MultiGunCorvette_hyp1	string	TargetType	Ship	identifier	Time	40	number									
hyp	corvette_tech.lua				Cost	400	number	Description	$11519	string	DisplayPriority	23	number	DisplayedName	$11518	string				Icon	Icon_Build	identifier	Name	Tai_HeavyCorvetteUpgrade_hyp0	string	RequiredResearch	Tai_CorvetteChassis_hyp0	string	RequiredSubSystems	Research	string	ShortDisplayedName	$11518	string	TargetName	Tai_HeavyCorvette_hyp0	string	TargetType	Ship	identifier	Time	30	number									
hyp	corvette_tech.lua				Cost	400	number	Description	$11519	string	DisplayPriority	23	number	DisplayedName	$11518	string				Icon	Icon_Build	identifier	Name	Tai_HeavyCorvetteUpgrade_hyp1	string	RequiredResearch	Tai_CorvetteChassis_hyp1	string	RequiredSubSystems	Research	string	ShortDisplayedName	$11518	string	TargetName	Tai_HeavyCorvette_hyp1	string	TargetType	Ship	identifier	Time	30	number									
hyp	corvette_tech.lua				Cost	1200	number	Description	$11521	string	DisplayPriority	25	number	DisplayedName	$11520	string				Icon	Icon_Build	identifier	Name	Tai_MinelayingTech_hyp0	string	RequiredResearch	Tai_CorvetteChassis_hyp0	string	RequiredSubSystems	Research	string	ShortDisplayedName	$11520	string	TargetName	Tai_MinelayerCorvette_hyp0	string	TargetType	Ship	identifier	Time	100	number									
hyp	corvette_tech.lua				Cost	1200	number	Description	$11521	string	DisplayPriority	25	number	DisplayedName	$11520	string				Icon	Icon_Build	identifier	Name	Tai_MinelayingTech_hyp1	string	RequiredResearch	Tai_CorvetteChassis_hyp1	string	RequiredSubSystems	Research	string	ShortDisplayedName	$11520	string	TargetName	Tai_MinelayerCorvette_hyp1	string	TargetType	Ship	identifier	Time	100	number									
hyp	default.lua				Cost	500	number	Description	$11559	string	DisplayPriority	54	number	DisplayedName	$11558	string				Icon	Icon_Build	identifier	Name	Tai_CloakGenerator_hyp0	string	RequiredResearch	Tai_CapitalShipDrive_hyp0	string	RequiredSubSystems	Research	string	ShortDisplayedName	$11558	string	TargetName	Tai_CloakGenerator_hyp0	string	TargetType	Ship	identifier	Time	50	number									
hyp	default.lua				Cost	500	number	Description	$11559	string	DisplayPriority	54	number	DisplayedName	$11558	string				Icon	Icon_Build	identifier	Name	Tai_CloakGenerator_hyp1	string	RequiredResearch	Tai_CapitalShipDrive_hyp1	string	RequiredSubSystems	Research	string	ShortDisplayedName	$11558	string	TargetName	Tai_CloakGenerator_hyp1	string	TargetType	Ship	identifier	Time	50	number									
hyp	default.lua				Cost	500	number	Description	$11557	string	DisplayPriority	53	number	DisplayedName	$11556	string				Icon	Icon_Build	identifier	Name	Tai_GravityGenerator_hyp0	string	RequiredResearch	Tai_CapitalShipDrive_hyp0	string	RequiredSubSystems	Research	string	ShortDisplayedName	$11556	string	TargetName	Tai_GravWellGenerator_hyp0	string	TargetType	Ship	identifier	Time	100	number									
hyp	default.lua				Cost	500	number	Description	$11557	string	DisplayPriority	53	number	DisplayedName	$11556	string				Icon	Icon_Build	identifier	Name	Tai_GravityGenerator_hyp1	string	RequiredResearch	Tai_CapitalShipDrive_hyp1	string	RequiredSubSystems	Research	string	ShortDisplayedName	$11556	string	TargetName	Tai_GravWellGenerator_hyp1	string	TargetType	Ship	identifier	Time	100	number									
	default.lua				Cost	0	number	Description	Enhances the fleet's hyperspace drive systems, reducing the hyperspace damage caused by gravity wells. Ships only take 10 11384919amage when forced out of hyperspace.	string	DisplayPriority	950	number	DisplayedName	Hyperspace Damage Reduction	string	DoNotGrant	1	boolean				Name	Tai_HyperspaceDamageReductionUpgrade	string	RequiredResearch		string	RequiredSubSystems		string	ShortDisplayedName	10Hyperspace Exit Damage	string	TargetName	Tai_fleet	string	TargetType	AllShips	identifier	Time	0	number	UpgradeName	HyperSpaceAbortDamage	string	UpgradeType	Modifier	identifier	UpgradeValue	0.4	number
hyp	default.lua				Cost	0	number	Description	Enhances the fleet's hyperspace drive systems, reducing the hyperspace damage caused by gravity wells. Heavy Cruisers only take 0 11384919amage when forced out of hyperspace.	string	DisplayPriority	951	number	DisplayedName	Hyperspace Damage Reduction	string	DoNotGrant	1	boolean				Name	Tai_HyperspaceDamageReductionUpgradeHC_hyp0	string	RequiredResearch		string	RequiredSubSystems		string	ShortDisplayedName	0HC Hyperspace Exit Damage	string	TargetName	Tai_HeavyCruiser_hyp0	string	TargetType	Ship	identifier	Time	0	number	UpgradeName	HyperSpaceAbortDamage	string	UpgradeType	Modifier	identifier	UpgradeValue	0	number
hyp	default.lua				Cost	0	number	Description	Enhances the fleet's hyperspace drive systems, reducing the hyperspace damage caused by gravity wells. Heavy Cruisers only take 0 11384919amage when forced out of hyperspace.	string	DisplayPriority	951	number	DisplayedName	Hyperspace Damage Reduction	string	DoNotGrant	1	boolean				Name	Tai_HyperspaceDamageReductionUpgradeHC_hyp1	string	RequiredResearch		string	RequiredSubSystems		string	ShortDisplayedName	0HC Hyperspace Exit Damage	string	TargetName	Tai_HeavyCruiser_hyp1	string	TargetType	Ship	identifier	Time	0	number	UpgradeName	HyperSpaceAbortDamage	string	UpgradeType	Modifier	identifier	UpgradeValue	0	number
hyp	default.lua				Cost	500	number	Description	$11553	string	DisplayPriority	51	number	DisplayedName	$11552	string				Icon	Icon_Build	identifier	Name	Tai_ProximitySensor_hyp0	string	RequiredResearch		string	RequiredSubSystems	Research	string	ShortDisplayedName	$11552	string	TargetName	Tai_ProximitySensor_hyp0	string	TargetType	Ship	identifier	Time	40	number									
hyp	default.lua				Cost	500	number	Description	$11553	string	DisplayPriority	51	number	DisplayedName	$11552	string				Icon	Icon_Build	identifier	Name	Tai_ProximitySensor_hyp1	string	RequiredResearch		string	RequiredSubSystems	Research	string	ShortDisplayedName	$11552	string	TargetName	Tai_ProximitySensor_hyp1	string	TargetType	Ship	identifier	Time	40	number									
hyp	default.lua				Cost	500	number	Description	$11555	string	DisplayPriority	52	number	DisplayedName	$11554	string				Icon	Icon_Build	identifier	Name	Tai_SensorArray_hyp0	string	RequiredResearch	Tai_ProximitySensor_hyp0	string	RequiredSubSystems	Research	string	ShortDisplayedName	$11554	string	TargetName	Tai_SensorArray_hyp0	string	TargetType	Ship	identifier	Time	50	number									
hyp	default.lua				Cost	500	number	Description	$11555	string	DisplayPriority	52	number	DisplayedName	$11554	string				Icon	Icon_Build	identifier	Name	Tai_SensorArray_hyp1	string	RequiredResearch	Tai_ProximitySensor_hyp1	string	RequiredSubSystems	Research	string	ShortDisplayedName	$11554	string	TargetName	Tai_SensorArray_hyp1	string	TargetType	Ship	identifier	Time	50	number									
	explicit_grant.lua				Cost	0	number	Description		string	DisplayPriority	1208	number	DisplayedName		string	DoNotGrant	1	boolean				Name	Tai_SGMCapitalHealth	string	RequiredResearch	RESEARCH HACK	string	RequiredSubSystems		string				TargetName	Capital	string	TargetType	Family	identifier	Time	0	number	UpgradeName	MAXHEALTH	string	UpgradeType	Modifier	identifier	UpgradeValue	0.5	number
	explicit_grant.lua				Cost	0	number	Description		string	DisplayPriority	1208	number	DisplayedName		string	DoNotGrant	1	boolean				Name	Tai_SGMFrigateHealth	string	RequiredResearch	RESEARCH HACK	string	RequiredSubSystems		string				TargetName	Frigate	string	TargetType	Family	identifier	Time	0	number	UpgradeName	MAXHEALTH	string	UpgradeType	Modifier	identifier	UpgradeValue	0.45	number
hyp	explicit_grant.lua				Cost	0	number	Description		string	DisplayPriority	1208	number	DisplayedName		string	DoNotGrant	1	boolean				Name	Tai_SGMGravWellHealth_hyp0	string	RequiredResearch	RESEARCH HACK	string	RequiredSubSystems		string				TargetName	Tai_GravWellGenerator_hyp0	string	TargetType	Ship	identifier	Time	0	number	UpgradeName	MAXHEALTH	string	UpgradeType	Modifier	identifier	UpgradeValue	0.2	number
hyp	explicit_grant.lua				Cost	0	number	Description		string	DisplayPriority	1208	number	DisplayedName		string	DoNotGrant	1	boolean				Name	Tai_SGMGravWellHealth_hyp1	string	RequiredResearch	RESEARCH HACK	string	RequiredSubSystems		string				TargetName	Tai_GravWellGenerator_hyp1	string	TargetType	Ship	identifier	Time	0	number	UpgradeName	MAXHEALTH	string	UpgradeType	Modifier	identifier	UpgradeValue	0.2	number
hyp	fighter_tech.lua				Cost	800	number	Description	$11529	string	DisplayPriority	13	number	DisplayedName	$11528	string				Icon	Icon_Build	identifier	Name	Tai_DefenderSubSystems_hyp0	string	RequiredResearch	Tai_FighterDrive_hyp0	string	RequiredSubSystems	Research	string	ShortDisplayedName	$11528	string	TargetName	Tai_Defender_hyp0	string	TargetType	Ship	identifier	Time	75	number									
hyp	fighter_tech.lua				Cost	800	number	Description	$11529	string	DisplayPriority	13	number	DisplayedName	$11528	string				Icon	Icon_Build	identifier	Name	Tai_DefenderSubSystems_hyp1	string	RequiredResearch	Tai_FighterDrive_hyp1	string	RequiredSubSystems	Research	string	ShortDisplayedName	$11528	string	TargetName	Tai_Defender_hyp1	string	TargetType	Ship	identifier	Time	75	number									
hyp	fighter_tech.lua				Cost	1000	number	Description	$11509	string	DisplayPriority	15	number	DisplayedName	$11508	string				Icon	Icon_Build	identifier	Name	Tai_DefenseFighter_hyp0	string	RequiredResearch	Tai_FighterChassis_hyp0	string	RequiredSubSystems	Research	string	ShortDisplayedName	$11508	string	TargetName	Tai_DefenseFighter_hyp0	string	TargetType	Ship	identifier	Time	100	number									
hyp	fighter_tech.lua				Cost	1000	number	Description	$11509	string	DisplayPriority	15	number	DisplayedName	$11508	string				Icon	Icon_Build	identifier	Name	Tai_DefenseFighter_hyp1	string	RequiredResearch	Tai_FighterChassis_hyp1	string	RequiredSubSystems	Research	string	ShortDisplayedName	$11508	string	TargetName	Tai_DefenseFighter_hyp1	string	TargetType	Ship	identifier	Time	100	number									
hyp	fighter_tech.lua				Cost	300	number	Description	$11515	string	DisplayPriority	12	number	DisplayedName	$11514	string				Icon	Icon_Build	identifier	Name	Tai_FighterChassis_hyp0	string	RequiredResearch	Tai_FighterDrive_hyp0	string	RequiredSubSystems	Research	string	ShortDisplayedName	$11514	string	TargetName	Tai_Interceptor_hyp0	string	TargetType	Ship	identifier	Time	30	number									
hyp	fighter_tech.lua				Cost	300	number	Description	$11515	string	DisplayPriority	12	number	DisplayedName	$11514	string				Icon	Icon_Build	identifier	Name	Tai_FighterChassis_hyp1	string	RequiredResearch	Tai_FighterDrive_hyp1	string	RequiredSubSystems	Research	string	ShortDisplayedName	$11514	string	TargetName	Tai_Interceptor_hyp1	string	TargetType	Ship	identifier	Time	30	number									
hyp	fighter_tech.lua				Cost	200	number	Description	$11503	string	DisplayPriority	11	number	DisplayedName	$11502	string				Icon	Icon_Build	identifier	Name	Tai_FighterDrive_hyp0	string	RequiredResearch		string	RequiredSubSystems	Research	string	ShortDisplayedName	$11502	string	TargetName	Tai_Scout_hyp0	string	TargetType	Ship	identifier	Time	20	number									
hyp	fighter_tech.lua				Cost	200	number	Description	$11503	string	DisplayPriority	11	number	DisplayedName	$11502	string				Icon	Icon_Build	identifier	Name	Tai_FighterDrive_hyp1	string	RequiredResearch		string	RequiredSubSystems	Research	string	ShortDisplayedName	$11502	string	TargetName	Tai_Scout_hyp1	string	TargetType	Ship	identifier	Time	20	number									
hyp	fighter_tech.lua				Cost	400	number	Description	$11513	string	DisplayPriority	14	number	DisplayedName	$11512	string				Icon	Icon_Build	identifier	Name	Tai_PlasmaBombLauncher_hyp0	string	RequiredResearch	Tai_FighterChassis_hyp0	string	RequiredSubSystems	Research	string	ShortDisplayedName	$11512	string	TargetName	Tai_AttackBomber_hyp0	string	TargetType	Ship	identifier	Time	40	number									
hyp	fighter_tech.lua				Cost	400	number	Description	$11513	string	DisplayPriority	14	number	DisplayedName	$11512	string				Icon	Icon_Build	identifier	Name	Tai_PlasmaBombLauncher_hyp1	string	RequiredResearch	Tai_FighterChassis_hyp1	string	RequiredSubSystems	Research	string	ShortDisplayedName	$11512	string	TargetName	Tai_AttackBomber_hyp1	string	TargetType	Ship	identifier	Time	40	number									
hyp	frigate_tech.lua				Cost	1200	number	Description	$11541	string	DisplayPriority	32	number	DisplayedName	$11540	string				Icon	Icon_Build	identifier	Name	Tai_CapitalShipChassis_hyp0	string	RequiredResearch	Tai_CapitalShipDrive_hyp0	string	RequiredSubSystems	Research	string	ShortDisplayedName	$11540	string	TargetName	Tai_AssaultFrigate_hyp0	string	TargetType	Ship	identifier	Time	90	number									
hyp	frigate_tech.lua				Cost	1200	number	Description	$11541	string	DisplayPriority	32	number	DisplayedName	$11540	string				Icon	Icon_Build	identifier	Name	Tai_CapitalShipChassis_hyp1	string	RequiredResearch	Tai_CapitalShipDrive_hyp1	string	RequiredSubSystems	Research	string	ShortDisplayedName	$11540	string	TargetName	Tai_AssaultFrigate_hyp1	string	TargetType	Ship	identifier	Time	90	number									
hyp	frigate_tech.lua				Cost	1000	number	Description	$11527	string	DisplayPriority	31	number	DisplayedName	$11526	string				Icon	Icon_Build	identifier	Name	Tai_CapitalShipDrive_hyp0	string	RequiredResearch		string	RequiredSubSystems	Research	string	ShortDisplayedName	$11526	string	TargetName	Tai_SupportFrigate_hyp0	string	TargetType	Ship	identifier	Time	75	number									
hyp	frigate_tech.lua				Cost	1000	number	Description	$11527	string	DisplayPriority	31	number	DisplayedName	$11526	string				Icon	Icon_Build	identifier	Name	Tai_CapitalShipDrive_hyp1	string	RequiredResearch		string	RequiredSubSystems	Research	string	ShortDisplayedName	$11526	string	TargetName	Tai_SupportFrigate_hyp1	string	TargetType	Ship	identifier	Time	75	number									
hyp	frigate_tech.lua				Cost	1100	number	Description	$11539	string	DisplayPriority	34	number	DisplayedName	$11538	string				Icon	Icon_Build	identifier	Name	Tai_DefenseField_hyp0	string	RequiredResearch	Tai_CapitalShipChassis_hyp0	string	RequiredSubSystems	Research	string	ShortDisplayedName	$11538	string	TargetName	Tai_FieldFrigate_hyp0	string	TargetType	Ship	identifier	Time	80	number									
hyp	frigate_tech.lua				Cost	1100	number	Description	$11539	string	DisplayPriority	34	number	DisplayedName	$11538	string				Icon	Icon_Build	identifier	Name	Tai_DefenseField_hyp1	string	RequiredResearch	Tai_CapitalShipChassis_hyp1	string	RequiredSubSystems	Research	string	ShortDisplayedName	$11538	string	TargetName	Tai_FieldFrigate_hyp1	string	TargetType	Ship	identifier	Time	80	number									
hyp	frigate_tech.lua				Cost	1700	number	Description	$11535	string	DisplayPriority	33	number	DisplayedName	$11534	string				Icon	Icon_Build	identifier	Name	Tai_IonCannons_hyp0	string	RequiredResearch	Tai_CapitalShipChassis_hyp0	string	RequiredSubSystems	Research	string	ShortDisplayedName	$11534	string	TargetName	Tai_IonCannonFrigate_hyp0	string	TargetType	Ship	identifier	Time	120	number									
hyp	frigate_tech.lua				Cost	1700	number	Description	$11535	string	DisplayPriority	33	number	DisplayedName	$11534	string				Icon	Icon_Build	identifier	Name	Tai_IonCannons_hyp1	string	RequiredResearch	Tai_CapitalShipChassis_hyp1	string	RequiredSubSystems	Research	string	ShortDisplayedName	$11534	string	TargetName	Tai_IonCannonFrigate_hyp1	string	TargetType	Ship	identifier	Time	120	number									
hyp	supercapital_tech.lua				Cost	3500	number	Description	$11547	string	DisplayPriority	44	number	DisplayedName	$11546	string				Icon	Icon_Build	identifier	Name	Tai_GuidedMissiles_hyp0	string	RequiredResearch	Tai_SuperCapitalShipDrive_res0_hyp0 | Tai_SuperCapitalShipDrive_res1_hyp0	string	RequiredSubSystems	Research	string	ShortDisplayedName	$11546	string	TargetName	Tai_MissileDestroyer_hyp0	string	TargetType	Ship	identifier	Time	120	number									
hyp	supercapital_tech.lua				Cost	3500	number	Description	$11547	string	DisplayPriority	44	number	DisplayedName	$11546	string				Icon	Icon_Build	identifier	Name	Tai_GuidedMissiles_hyp1	string	RequiredResearch	Tai_SuperCapitalShipDrive_res0_hyp1 | Tai_SuperCapitalShipDrive_res1_hyp1	string	RequiredSubSystems	Research	string	ShortDisplayedName	$11546	string	TargetName	Tai_MissileDestroyer_hyp1	string	TargetType	Ship	identifier	Time	120	number									
hyp	supercapital_tech.lua				Cost	7000	number	Description	$11551	string	DisplayPriority	46	number	DisplayedName	$11550	string				Icon	Icon_Build	identifier	Name	Tai_HeavyGuns_hyp0	string	RequiredResearch	(Tai_SuperCapitalShipDrive_res0_hyp0 | Tai_SuperCapitalShipDrive_res1_hyp0) & Tai_SuperHeavyChassis_hyp0 & Tai_IonCannons_hyp0	string	RequiredSubSystems	Research	string	ShortDisplayedName	$11550	string	TargetName	Tai_HeavyCruiser_hyp0	string	TargetType	Ship	identifier	Time	360	number									
hyp	supercapital_tech.lua				Cost	7000	number	Description	$11551	string	DisplayPriority	46	number	DisplayedName	$11550	string				Icon	Icon_Build	identifier	Name	Tai_HeavyGuns_hyp1	string	RequiredResearch	(Tai_SuperCapitalShipDrive_res0_hyp1 | Tai_SuperCapitalShipDrive_res1_hyp1) & Tai_SuperHeavyChassis_hyp1 & Tai_IonCannons_hyp1	string	RequiredSubSystems	Research	string	ShortDisplayedName	$11550	string	TargetName	Tai_HeavyCruiser_hyp1	string	TargetType	Ship	identifier	Time	360	number									
res,hyp	supercapital_tech.lua				Cost	1500	number	Description	$11543	string	DisplayPriority	41	number	DisplayedName	$11542	string				Icon	Icon_Build	identifier	Name	Tai_SuperCapitalShipDrive_res0_hyp0	string	RequiredResearch	Tai_CapitalShipChassis_hyp0	string	RequiredSubSystems	Research	string	ShortDisplayedName	$11542	string	TargetName	Tai_Carrier_res0_hyp0	string	TargetType	Ship	identifier	Time	50	number									
res,hyp	supercapital_tech.lua				Cost	1500	number	Description	$11543	string	DisplayPriority	41	number	DisplayedName	$11542	string				Icon	Icon_Build	identifier	Name	Tai_SuperCapitalShipDrive_res1_hyp0	string	RequiredResearch	Tai_CapitalShipChassis_hyp0	string	RequiredSubSystems	Research	string	ShortDisplayedName	$11542	string	TargetName	Tai_Carrier_res1_hyp0	string	TargetType	Ship	identifier	Time	50	number									
res,hyp	supercapital_tech.lua				Cost	1500	number	Description	$11543	string	DisplayPriority	41	number	DisplayedName	$11542	string				Icon	Icon_Build	identifier	Name	Tai_SuperCapitalShipDrive_res0_hyp1	string	RequiredResearch	Tai_CapitalShipChassis_hyp1	string	RequiredSubSystems	Research	string	ShortDisplayedName	$11542	string	TargetName	Tai_Carrier_res0_hyp1	string	TargetType	Ship	identifier	Time	50	number									
res,hyp	supercapital_tech.lua				Cost	1500	number	Description	$11543	string	DisplayPriority	41	number	DisplayedName	$11542	string				Icon	Icon_Build	identifier	Name	Tai_SuperCapitalShipDrive_res1_hyp1	string	RequiredResearch	Tai_CapitalShipChassis_hyp1	string	RequiredSubSystems	Research	string	ShortDisplayedName	$11542	string	TargetName	Tai_Carrier_res1_hyp1	string	TargetType	Ship	identifier	Time	50	number									
hyp	supercapital_tech.lua				Cost	4000	number	Description	$11561	string	DisplayPriority	45	number	DisplayedName	$11560	string				Icon	Icon_Build	identifier	Name	Tai_SuperHeavyChassis_hyp0	string	RequiredResearch	(Tai_SuperCapitalShipDrive_res0_hyp0 | Tai_SuperCapitalShipDrive_res1_hyp0) & Tai_IonCannons_hyp0	string	RequiredSubSystems	Research	string	ShortDisplayedName	$11560	string	TargetName	Tai_Destroyer_hyp0	string	TargetType	Ship	identifier	Time	140	number									
hyp	supercapital_tech.lua				Cost	4000	number	Description	$11561	string	DisplayPriority	45	number	DisplayedName	$11560	string				Icon	Icon_Build	identifier	Name	Tai_SuperHeavyChassis_hyp1	string	RequiredResearch	(Tai_SuperCapitalShipDrive_res0_hyp1 | Tai_SuperCapitalShipDrive_res1_hyp1) & Tai_IonCannons_hyp1	string	RequiredSubSystems	Research	string	ShortDisplayedName	$11560	string	TargetName	Tai_Destroyer_hyp1	string	TargetType	Ship	identifier	Time	140	number									
